{
  "connectorName": "file",
  "operationName": "listFileZip",
  "title": "List File Zip",
  "help": "<h1>List File Zip</h1><b>The listFileZip operation lists all the file paths inside a compressed file. This operation supports the ZIP archive type.</b><br><br><ul><li><a href=\"https://ei.docs.wso2.com/en/latest/micro-integrator/references/connectors/file-connector/file-connector-config/\"> More Help </a></li></ul>",
  "elements": [
    {
      "type": "attributeGroup",
      "value": {
        "groupName": "General",
        "elements": [
          {
            "type": "attributeGroup",
            "value": {
              "groupName": "Basic",
              "elements": [
                {
                  "type": "attribute",
                  "value": {
                    "name": "source",
                    "displayName": "Source",
                    "inputType": "stringOrExpression",
                    "defaultValue": "",
                    "required": "true",
                    "helpTip": "The location of the file. This can be a file on the local physical file system or a file on an FTP server."
                  }
                },
                {
                  "type": "attribute",
                  "value": {
                    "name": "setTimeout",
                    "displayName": "Set Timeout",
                    "inputType": "stringOrExpression",
                    "defaultValue": "",
                    "required": "false",
                    "helpTip": "The timeout value on the JSC (Java Secure Channel) session in milliseconds. E.g., 100000."
                  }
                },
                {
                  "type": "attribute",
                  "value": {
                    "name": "setPassiveMode",
                    "displayName": "Passive mode",
                    "inputType": "booleanOrExpression",
                    "defaultValue": "",
                    "required": "false",
                    "helpTip": "Set to true if you want to enable passive mode."
                  }
                },
                {
                  "type": "attribute",
                  "value": {
                    "name": "setSoTimeout",
                    "displayName": "Socket Timeout",
                    "inputType": "stringOrExpression",
                    "defaultValue": "",
                    "required": "false",
                    "helpTip": "The socket timeout value for the FTP client. E.g., 100000."
                  }
                },
                {
                  "type": "attribute",
                  "value": {
                    "name": "setUserDirIsRoot",
                    "displayName": "Is user directory root?",
                    "inputType": "booleanOrExpression",
                    "defaultValue": "",
                    "required": "false",
                    "helpTip": "Set to true if you want to use root as the user directory."
                  }
                },
                {
                  "type": "attribute",
                  "value": {
                    "name": "setStrictHostKeyChecking",
                    "displayName": "Strict Host Key Checking",
                    "inputType": "stringOrExpression",
                    "defaultValue": "",
                    "required": "false",
                    "helpTip": "Sets the requirement to use host key checking. E.g., no."
                  }
                }
              ]
            }
          }
        ]
      }
    }
  ]
}
