{
  "connectorName": "file",
  "operationName": "readALine",
  "title": "Read A Line",
  "help": "<h1>Read A Line</h1><b>The readALine operation reads a specific line from a file.</b><br><br><ul><li><a href=\"https://ei.docs.wso2.com/en/latest/micro-integrator/references/connectors/file-connector/file-connector-config/\"> More Help </a></li></ul>",
  "elements": [
    {
      "type": "attributeGroup",
      "value": {
        "groupName": "General",
        "elements": [
          {
            "type": "attributeGroup",
            "value": {
              "groupName": "Basic",
              "elements": [
                {
                  "type": "attribute",
                  "value": {
                    "name": "source",
                    "displayName": "Source",
                    "inputType": "stringOrExpression",
                    "defaultValue": "",
                    "required": "true",
                    "helpTip": "The location of the file."
                  }
                },
                {
                  "type": "attribute",
                  "value": {
                    "name": "lineNumber",
                    "displayName": "Line Number",
                    "inputType": "stringOrExpression",
                    "defaultValue": "",
                    "required": "true",
                    "helpTip": "Line number to read."
                  }
                }
              ]
            }
          }
        ]
      }
    }
  ]
}
