<!--
 ~  Copyright (c) 2016, WSO2 Inc. (http://www.wso2.org) All Rights Reserved.
 ~
 ~  WSO2 Inc. licenses this file to you under the Apache License,
 ~  Version 2.0 (the "License"); you may not use this file except
 ~  in compliance with the License.
 ~  You may obtain a copy of the License at
 ~
 ~    http://www.apache.org/licenses/LICENSE-2.0
 ~
 ~  Unless required by applicable law or agreed to in writing,
 ~  software distributed under the License is distributed on an
 ~  "AS IS" BASIS, WITHOUT WARRANTIES OR CONDITIONS OF ANY
 ~  KIND, either express or implied.  See the License for the
 ~  specific language governing permissions and limitations
 ~  under the License.
-->
<template name="getBucketLifeCycle" xmlns="http://ws.apache.org/ns/synapse">
    <parameter name="bucketUrl" description="End point URL of the request."/>
    <sequence>
        <class name="org.wso2.carbon.connector.amazons3.auth.RemoveAmazonS3Context"/>
        <property name="uri.var.bucketUrl" expression="$func:bucketUrl"/>
        <property name="uri.var.queryString" value="lifecycle"/>
        <!-- Authentication Header Setup -->
        <class name="org.wso2.carbon.connector.amazons3.auth.AmazonS3AuthConnector"/>
        <!-- Properties assigned in AmazonS3AuthConnector -->
        <filter xpath="string($ctx:date) and $ctx:date != ''">
            <then>
                <property name="Date" expression="$ctx:date" scope="transport" type="STRING"/>
            </then>
        </filter>
        <filter xpath="string($ctx:isXAmzDateValue) and $ctx:isXAmzDateValue != ''">
            <then>
                <property name="x-amz-date" expression="$ctx:isXAmzDateValue" scope="transport" type="STRING"/>
            </then>
        </filter>
        <filter xpath="string($ctx:authenticationCode) and $ctx:authenticationCode != ''">
            <then>
                <property name="Authorization" expression="$ctx:authenticationCode" scope="transport" type="STRING"/>
            </then>
        </filter>
        <filter xpath="string($ctx:uri.var.xAmzContentSha256) and $ctx:uri.var.xAmzContentSha256 != ''">
            <then>
                <property name="x-amz-content-sha256" expression="$ctx:uri.var.xAmzContentSha256" scope="transport"
                          type="STRING"/>
            </then>
        </filter>
        <call>
            <endpoint>
                <http method="get" uri-template="{uri.var.bucketUrl}{+uri.var.uriRemainder}?lifecycle"/>
            </endpoint>
        </call>
        <!-- Remove response custom header information -->
        <header name="x-amz-id-2" scope="transport" action="remove"/>
        <header name="x-amz-request-id" scope="transport" action="remove"/>
        <header name="Via" scope="transport" action="remove"/>
    </sequence>
</template>