<!--
 ~  Copyright (c) 2016, WSO2 Inc. (http://www.wso2.org) All Rights Reserved.
 ~
 ~  WSO2 Inc. licenses this file to you under the Apache License,
 ~  Version 2.0 (the "License"); you may not use this file except
 ~  in compliance with the License.
 ~  You may obtain a copy of the License at
 ~
 ~    http://www.apache.org/licenses/LICENSE-2.0
 ~
 ~  Unless required by applicable law or agreed to in writing,
 ~  software distributed under the License is distributed on an
 ~  "AS IS" BASIS, WITHOUT WARRANTIES OR CONDITIONS OF ANY
 ~  KIND, either express or implied.  See the License for the
 ~  specific language governing permissions and limitations
 ~  under the License.
-->
<template name="createObject" xmlns="http://ws.apache.org/ns/synapse">
    <parameter name="bucketUrl" description="The URL of the bucket without the http prefix."/>
    <parameter name="objectName" description="The name to give for the newly created object."/>
    <sequence>
        <class name="org.wso2.carbon.connector.amazons3.auth.RemoveAmazonS3Context"/>
        <property name="uri.var.bucketName" expression="$func:bucketName"/>
        <property name="uri.var.uriRemainder" value=""/>
        <property name="uri.var.bucketUrl" expression="$func:bucketUrl"/>
        <property name="uri.var.objectName" expression="$func:objectName"/>
        <script language="js">
            <![CDATA[
            var encodedObjectName = encodeURIComponent(mc.getProperty('uri.var.objectName'));
                mc.setProperty('uri.var.encodedObjectName' , encodedObjectName);
        ]]>
        </script>
        <filter xpath="string($ctx:uri.var.addCharset)='true'">
            <then>
                <property name="uri.var.contentType"
                          expression="fn:concat($ctx:uri.var.contentType,'; charset=UTF-8')"/>
            </then>
        </filter>
        <script language="js">
            <![CDATA[
            var encodedObjectName=mc.getProperty('uri.var.encodedObjectName');
            mc.setProperty('uri.var.uriRemainder', '/'+encodedObjectName);
        ]]>
        </script>
        <class name="org.wso2.carbon.connector.amazons3.auth.AmazonS3AuthConnector"/>
        <filter xpath="string($ctx:date) and $ctx:date != '' ">
            <then>
                <property name="Date" expression="$ctx:date" scope="transport" type="STRING"/>
            </then>
        </filter>
        <filter xpath="string($ctx:isXAmzDateValue) and $ctx:isXAmzDateValue != ''">
            <then>
                <property name="x-amz-date" expression="$ctx:isXAmzDateValue" scope="transport" type="STRING"/>
            </then>
        </filter>
        <filter xpath="string($ctx:authenticationCode) and $ctx:authenticationCode != ''">
            <then>
                <property name="Authorization" expression="$ctx:authenticationCode" scope="transport" type="STRING"/>
            </then>
        </filter>
        <filter xpath="string($ctx:uri.var.xAmzContentSha256) and $ctx:uri.var.xAmzContentSha256 != ''">
            <then>
                <property name="x-amz-content-sha256" expression="$ctx:uri.var.xAmzContentSha256" scope="transport"
                          type="STRING"/>
            </then>
        </filter>
        <!-- Force ESB to send the content length to the AmazonS3 API -->
        <property name="FORCE_HTTP_CONTENT_LENGTH" value="true" scope="axis2"/>
        <property name="COPY_CONTENT_LENGTH_FROM_INCOMING" value="true" scope="axis2"/>
        <property name="DISABLE_CHUNKING" value="true" scope="axis2" />

        <filter source="$ctx:AMAZONS3_BLOCKING" regex="true">
            <then>
                <call blocking="true">
                    <endpoint>
                        <http method="put"
                              uri-template="{uri.var.bucketUrl}/{+uri.var.objectName}"/>
                    </endpoint>
                </call>
            </then>
            <else>
                <call>
                    <endpoint>
                        <http method="put"
                              uri-template="{uri.var.bucketUrl}/{+uri.var.objectName}"/>
                    </endpoint>
                </call>
            </else>
        </filter>

        <!-- Remove response custom header information -->
        <header name="x-amz-id-2" scope="transport" action="remove"/>
        <header name="x-amz-request-id" scope="transport" action="remove"/>
        <header name="Via" scope="transport" action="remove"/>
        <header name="x-amz-server-side-encryption" scope="transport" action="remove"/>
    </sequence>
</template>