<!--
 ~  Copyright (c) 2016, WSO2 Inc. (http://www.wso2.org) All Rights Reserved.
 ~
 ~  WSO2 Inc. licenses this file to you under the Apache License,
 ~  Version 2.0 (the "License"); you may not use this file except
 ~  in compliance with the License.
 ~  You may obtain a copy of the License at
 ~
 ~    http://www.apache.org/licenses/LICENSE-2.0
 ~
 ~  Unless required by applicable law or agreed to in writing,
 ~  software distributed under the License is distributed on an
 ~  "AS IS" BASIS, WITHOUT WARRANTIES OR CONDITIONS OF ANY
 ~  KIND, either express or implied.  See the License for the
 ~  specific language governing permissions and limitations
 ~  under the License.
-->
<template name="listParts" xmlns="http://ws.apache.org/ns/synapse">
    <parameter name="bucketUrl" description="End point URL of the request."/>
    <parameter name="objectName" description="The name to give the newly created object."/>
    <parameter name="uploadId" description="Upload ID identifying the multipart upload whose parts are being listed."/>
    <parameter name="encodingType"
               description="Requests Amazon S3 to encode the response and specifies the encoding method to use."/>
    <parameter name="maxParts" description="Sets the maximum number of parts to return in the response body."/>
    <parameter name="partNumberMarker" description="Specifies the part after which listing should begin."/>
    <sequence>
        <class name="org.wso2.carbon.connector.amazons3.auth.RemoveAmazonS3Context"/>
        <property name="uri.var.bucketUrl" expression="$func:bucketUrl"/>
        <property name="uri.var.objectName" expression="$func:objectName"/>
        <script language="js">
            <![CDATA[
            var encodedObjectName = encodeURIComponent(mc.getProperty('uri.var.objectName'));
                mc.setProperty('uri.var.encodedObjectName' , encodedObjectName);
        ]]>
        </script>
        <property name="uri.var.uploadId" expression="$func:uploadId"/>
        <property name="uri.var.maxParts" expression="$func:maxParts"/>
        <property name="uri.var.encodingType" expression="$func:encodingType"/>
        <property name="uri.var.partNumberMarker" expression="$func:partNumberMarker"/>
        <property name="uri.var.uriRemainder"
                  expression="fn:concat('/',$ctx:uri.var.encodedObjectName)"/>
        <property name="uri.var.query" value=""/>
        <!-- Authentication Header Setup -->
        <class name="org.wso2.carbon.connector.amazons3.auth.AmazonS3AuthConnector"/>
        <script language="js">
            <![CDATA[
            var query=mc.getProperty('uri.var.query');
            var maxParts=mc.getProperty('uri.var.maxParts');
            var encodingType=mc.getProperty('uri.var.encodingType');
            var partNumberMarker=mc.getProperty('uri.var.partNumberMarker');
            if (maxParts != null && maxParts != "") {
               query += '&max-parts=' + maxParts;
            }
            if (encodingType != null && encodingType != "") {
               query += '&encoding-type=' + encodingType;
            }
            if (partNumberMarker != null && partNumberMarker != "") {
               query += '&part-number-marker=' + partNumberMarker;
            }
            if (query != "") {
                mc.setProperty('uri.var.query' , query.toString());
            }
        ]]>
        </script>
        <!-- Properties Assigned in AmazonS3AuthConnector -->
        <filter xpath="string($ctx:date) and $ctx:date != ''">
            <then>
                <property name="Date" expression="$ctx:date" scope="transport" type="STRING"/>
            </then>
        </filter>
        <filter xpath="string($ctx:isXAmzDateValue) and $ctx:isXAmzDateValue != ''">
            <then>
                <property name="x-amz-date" expression="$ctx:isXAmzDateValue" scope="transport" type="STRING"/>
            </then>
        </filter>
        <filter xpath="string($ctx:authenticationCode) and $ctx:authenticationCode != ''">
            <then>
                <property name="Authorization" expression="$ctx:authenticationCode" scope="transport" type="STRING"/>
            </then>
        </filter>
        <filter xpath="string($ctx:uri.var.xAmzContentSha256) and $ctx:uri.var.xAmzContentSha256 != ''">
            <then>
                <property name="x-amz-content-sha256" expression="$ctx:uri.var.xAmzContentSha256" scope="transport"
                          type="STRING"/>
            </then>
        </filter>
        <call>
            <endpoint>
                <http method="get"
                      uri-template="{uri.var.bucketUrl}/{+uri.var.objectName}?uploadId={+uri.var.uploadId}{+uri.var.query}"/>
            </endpoint>
        </call>
        <!-- Remove response custom header information -->
        <header name="Authorization" scope="transport" action="remove"/>
        <header name="x-amz-id-2" scope="transport" action="remove"/>
        <header name="x-amz-request-id" scope="transport" action="remove"/>
        <header name="Via" scope="transport" action="remove"/>
    </sequence>
</template>